<?xml version="1.0" encoding="UTF-8"?>
<project-private xmlns="http://www.netbeans.org/ns/project-private/1">
    <editor-bookmarks xmlns="http://www.netbeans.org/ns/editor-bookmarks/2" lastBookmarkId="0"/>
    <open-files xmlns="http://www.netbeans.org/ns/projectui-open-files/2">
        <group>
            <file>file:/C:/Users/yousr/Downloads/FrogsGameB_1/src/frogsgameb/Login.java</file>
            <file>file:/C:/Users/yousr/Downloads/FrogsGameB_1/src/frogsgameb/Game.java</file>
            <file>file:/C:/Users/yousr/Downloads/FrogsGameB_1/src/frogsgameb/Loss.java</file>
            <file>file:/C:/Users/yousr/Downloads/FrogsGameB_1/src/frogsgameb/Win.java</file>
        </group>
    </open-files>
</project-private>
